seed,min_h,min_h_slot,final_h,liquidations,force_closes,users_liquidated,users_with_positions,insurance_end,c_tot_end,pnl_pos_tot_end,h_zero_slots,h_zero_first_slot,h_below_50_slots,h_below_10_slots,min_true_h,min_residual,withdraw_attempts,withdraw_successes,close_attempts,close_successes
1,0.276585,11,0.645524,1124,94,387,2001,10625309995687,124430728847610,33178874804348,0,never,8,0,0.276585,4134825680413,242,212,58,1
2,0.283134,11,0.624949,945,84,324,2001,10500272149344,112802235666045,29816838088817,0,never,8,0,0.283134,3951509987122,268,244,32,0
3,0.269697,9,0.643984,1066,94,356,2001,10749400222636,116442572170285,34961520413186,0,never,8,0,0.269697,4238686575853,252,236,48,1
4,0.284424,10,0.617641,1114,95,387,2001,10522069645518,103855909983681,30395053615996,0,never,8,0,0.284424,3979954122396,247,232,53,1
5,0.287913,10,0.614105,1020,93,348,2001,10549233469595,113708856806686,30320647037739,0,never,9,0,0.287913,4060134597936,254,225,46,1
6,0.295405,10,0.581464,1032,75,342,2001,10462235267260,107003593532875,27428493459398,0,never,30,0,0.295405,3902695679289,259,243,41,1
7,0.281133,10,0.643170,1105,105,383,2001,10561334753868,110527204389593,31731501585763,0,never,8,0,0.281133,4014354257155,243,220,57,3
8,0.286518,11,0.608229,1005,85,353,2001,10524023069176,101563910505342,29059271712229,0,never,12,0,0.286518,3960557655313,251,226,49,1
9,0.273779,10,0.623427,1198,104,389,2001,10656897196832,117174425068625,32985815312882,0,never,8,0,0.273779,4110333576173,240,210,60,2
10,0.282236,11,0.622705,1028,86,349,2001,10625629170642,124720910438328,31357457054526,0,never,8,0,0.282236,4044407251585,253,229,47,2
11,0.276020,10,0.669521,1070,96,375,2001,10630048213536,121797338614361,33344162569755,0,never,8,0,0.276020,4144960136306,245,220,55,0
12,0.290879,13,0.611664,994,86,333,2001,10520547978904,114013116073498,29613886848400,0,never,10,0,0.290879,4016864119980,257,236,43,1
13,0.276349,11,0.634712,1063,88,370,2001,10591453216340,109820301495169,31730613068908,0,never,8,0,0.276349,4130344768285,246,227,54,0
14,0.277531,12,0.618212,1037,73,355,2001,10597515668866,113299264689584,30876432019383,0,never,8,0,0.277531,4009413435000,249,227,51,0
15,0.288590,10,0.614914,1079,100,375,2001,10527507780014,108762788145472,30370242902389,0,never,9,0,0.288590,4017315793007,240,222,60,1
16,0.276517,10,0.642627,959,81,323,2001,10494025269722,111743571458202,30541600366247,0,never,8,0,0.276517,3943602829325,256,230,44,0
17,0.283766,11,0.609285,1024,68,349,2001,10535825286047,103947890032164,29583178630991,0,never,11,0,0.283766,4064230464265,250,232,50,0
18,0.294945,9,0.610710,1012,84,345,2001,10497135280557,106043865791196,29130939933748,0,never,10,0,0.294945,3947460365526,243,221,57,2
19,0.272987,11,0.641549,1061,83,373,2001,10587236788772,110742920760892,31979694948452,0,never,8,0,0.272987,3969623605743,250,235,50,0
20,0.287577,13,0.599943,1033,91,375,2001,10526629898054,126779294900502,28794205601227,0,never,15,0,0.287577,4119552114706,234,222,66,1
21,0.298095,13,0.586506,1055,105,360,2001,10485824466546,102954056017558,27474667915683,0,never,27,0,0.298095,3894359186316,246,226,54,0
22,0.282201,9,0.637606,1107,101,377,2001,10626715938611,116640587646544,32251566522200,0,never,8,0,0.282201,4134801109950,256,232,44,0
23,0.275540,10,0.660097,1070,92,361,2001,10588843668661,111852658247730,32869145479815,0,never,8,0,0.275540,4112462079858,243,228,57,0
24,0.274485,11,0.613214,1003,93,349,2001,10557932381241,109946686319222,32088395736616,0,never,8,0,0.274485,4075304663931,252,223,48,0
25,0.266973,9,0.660993,1123,89,379,2001,10558131555388,113174563348547,33360227586340,0,never,8,0,0.266973,4044867674906,256,229,44,1
26,0.274783,12,0.625575,987,100,337,2001,10574725914675,112720042229965,30661716419314,0,never,8,0,0.274783,4048364258577,249,231,51,0
27,0.295753,10,0.585287,991,86,344,2001,10477128480209,104219101791873,27495090176836,0,never,29,0,0.295753,3948896767586,260,237,40,0
28,0.269647,12,0.654795,1087,84,371,2001,10673160580430,126403841937928,33036558475335,0,never,8,0,0.269647,4221290259682,250,221,50,0
29,0.291281,11,0.625226,1032,88,363,2001,10491171898225,102205203405582,29361960984130,0,never,8,0,0.291281,3954666205227,256,232,44,1
30,0.279155,10,0.611943,1082,105,391,2001,10621037384376,104288266353842,31600370277658,0,never,11,0,0.279155,4036064050514,244,222,56,0
31,0.288455,10,0.609657,1023,96,363,2001,10572382706115,110341727005538,30348822352643,0,never,11,0,0.288455,4087313314720,250,238,50,2
32,0.278376,9,0.623681,970,78,341,2001,10547158447229,103140145863858,30483626195574,0,never,8,0,0.278376,3945474031419,247,233,53,1
33,0.281684,11,0.613424,1068,104,359,2001,10571213811492,107503028123951,30374156582402,0,never,8,0,0.281684,3979672389849,254,227,46,0
34,0.270636,10,0.624261,1112,89,370,2001,10588159476861,106124757899008,31967100792203,0,never,8,0,0.270636,4028585209736,255,230,45,2
35,0.281585,9,0.636134,950,83,328,2001,10483637330406,108635730972327,30852704783757,0,never,8,0,0.281585,3936741283904,250,235,50,0
36,0.284702,11,0.621594,1119,95,393,2001,10513897418616,109266810048691,29837432957469,0,never,8,0,0.284702,4020573905332,248,228,52,0
37,0.290628,10,0.606051,1130,91,378,2001,10575749382204,112571868055183,29730836969191,0,never,13,0,0.290628,3968857435734,252,227,48,1
38,0.279318,10,0.641081,1023,88,351,2001,10573291970733,118153066969119,31959380584865,0,never,8,0,0.279318,4073297955540,256,243,44,0
39,0.274817,12,0.637729,1103,86,377,2001,10512908201755,111035863811370,31724940021498,0,never,8,0,0.274817,4003605027078,249,232,51,0
40,0.259846,11,0.629769,1097,97,385,2001,10656595289592,108816625656938,33253033606994,0,never,8,0,0.259846,4039069941875,252,236,48,3
41,0.286298,8,0.625249,1080,85,369,2001,10562375887407,103259335225044,30613144373373,0,never,8,0,0.286298,4035317350156,247,220,53,3
42,0.283966,9,0.623478,1115,105,388,2001,10617855062905,115853042866256,32142979322635,0,never,8,0,0.283966,4200090021839,252,232,48,0
43,0.297375,10,0.616178,1025,85,351,2001,10544578121543,115092280788321,29776309000650,0,never,8,0,0.297375,4106679403958,252,226,48,0
44,0.280047,12,0.610318,978,82,336,2001,10598256512500,110572943218428,30670134074537,0,never,12,0,0.280047,3990480176603,255,230,45,4
45,0.286451,12,0.621142,1018,88,350,2001,10542364845566,109240392473607,30353953980111,0,never,8,0,0.286451,4060895443426,257,237,43,0
46,0.262362,9,0.626004,989,85,356,2001,10688505426272,110154810018494,35196415183828,0,never,8,0,0.262362,4205486522771,261,244,39,1
47,0.285335,10,0.638209,1077,76,365,2001,10604924834772,115152893586251,32097803459735,0,never,8,0,0.285335,4143502619673,254,239,46,1
48,0.294064,10,0.604317,986,77,349,2001,10542760927532,115641911675841,29403711579443,0,never,14,0,0.294064,4021669031605,239,222,61,1
49,0.295000,10,0.592730,1105,94,383,2001,10523222033391,105478061283103,28796525805844,0,never,16,0,0.295000,3999950074157,244,229,56,1
50,0.259335,10,0.654833,1053,90,368,2001,10682588490405,119228435093566,35451811681047,0,never,8,0,0.259335,4132684165734,253,239,47,0
51,0.270847,9,0.650980,1100,85,377,2001,10607356417665,114486191750413,33295203615890,0,never,8,0,0.270847,4095420891696,242,226,58,2
52,0.279097,10,0.636587,1072,81,353,2001,10663271041555,125967938833411,33076994170011,0,never,8,0,0.279097,4099130094373,257,237,43,2
53,0.277700,9,0.670407,994,92,329,2001,10629536448089,122888956130618,33646980429548,0,never,8,0,0.277700,4110155367946,252,229,48,1
54,0.266034,11,0.649848,1033,89,354,2001,10652445803319,115828735904553,33650192437321,0,never,8,0,0.266034,4056135686922,245,230,55,1
55,0.279819,11,0.627468,1083,80,365,2001,10527711278297,103952937232411,30528945568424,0,never,8,0,0.279819,4006687880448,242,218,58,1
56,0.285704,12,0.610459,1033,92,364,2001,10561519045639,102029837075573,29948591064380,0,never,12,0,0.285704,3995527289158,245,230,55,1
57,0.289463,11,0.627623,1054,76,354,2001,10531623093456,122633169380621,30459616505335,0,never,8,0,0.289463,4062709206564,247,225,53,1
58,0.279498,11,0.626357,1035,84,342,2001,10545512775245,104914161258008,30626492107809,0,never,8,0,0.279498,3938580823864,252,238,48,1
59,0.274646,9,0.632882,1107,97,389,2001,10602811835009,114911062815514,32102505586331,0,never,8,0,0.274646,4045120591047,252,228,48,1
60,0.278698,10,0.621223,1015,78,335,2001,10645926748535,112039756829509,31869268811419,0,never,8,0,0.278698,4124311510014,253,234,47,1
61,0.286719,10,0.609668,1035,89,349,2001,10508445140100,112622319287217,29139078237886,0,never,9,0,0.286719,4013329260870,258,238,42,2
62,0.261269,11,0.653247,1125,82,374,2001,10692376937989,119093307247045,34933887225801,0,never,8,0,0.261269,4079484625885,242,208,58,2
63,0.281229,12,0.620487,1079,82,359,2001,10560113529995,117796804376364,30093078905114,0,never,8,0,0.281229,4108009050218,236,207,64,0
64,0.294977,14,0.597978,1097,94,374,2001,10504644048629,105258206836823,28420887813242,0,never,15,0,0.294977,3988755749328,240,225,60,3
65,0.273510,13,0.601237,993,76,347,2001,10596872567267,107949334609852,30767509785783,0,never,15,0,0.273510,4040963830714,248,218,52,0
66,0.282096,12,0.605710,1105,89,379,2001,10588780196832,109759750279587,30056467984860,0,never,15,0,0.282096,4040299711870,253,237,47,1
67,0.284147,12,0.625452,1045,70,349,2001,10517519375055,110964106092420,29895593598130,0,never,8,0,0.284147,3992695429801,263,242,37,1
68,0.269798,10,0.653797,1051,87,352,2001,10600782041839,126254622096323,33641453476639,0,never,8,0,0.269798,4098886884646,243,222,57,0
69,0.282758,11,0.619051,1094,94,374,2001,10516018209739,117624864196099,29700950521734,0,never,8,0,0.282758,3998632860716,268,242,32,3
70,0.280907,11,0.627068,1162,85,393,2001,10510137104616,101785032054481,30154323762949,0,never,8,0,0.280907,3984238729901,246,225,54,3
71,0.288887,12,0.621232,1067,91,363,2001,10535694335595,120927384944732,29881581178299,0,never,8,0,0.288887,4113595559311,259,237,41,1
72,0.282945,10,0.652086,1092,74,361,2001,10751499146594,124763497677436,33962185137775,0,never,8,0,0.282945,4280088607645,257,241,43,1
73,0.282682,10,0.598868,999,70,344,2001,10607458220974,106862452834196,31016334784749,0,never,15,0,0.282682,4135725104101,242,222,58,3
74,0.293589,14,0.626165,949,74,328,2001,10595583650913,128633356144422,31454481774922,0,never,8,0,0.293589,4128177793200,251,238,49,1
75,0.290570,12,0.601137,1037,70,349,2001,10511124125227,111866694244009,28358172202478,0,never,15,0,0.290570,4007974849167,259,243,41,1
76,0.275988,11,0.649554,1047,76,355,2001,10563373572459,107302150014274,30852591196469,0,never,8,0,0.275988,4015512463707,256,236,44,1
77,0.284708,10,0.624210,954,93,330,2001,10510276501816,112266636623276,30313936604007,0,never,8,0,0.284708,3953933664697,256,229,44,2
78,0.284320,12,0.597014,1061,84,355,2001,10507316214358,109192007727208,28672443003204,0,never,15,0,0.284320,3931900120987,241,218,59,3
79,0.291311,11,0.621328,1065,83,368,2001,10557431380815,110033169351636,30492128121775,0,never,8,0,0.291311,4040009444915,246,227,54,0
80,0.290700,10,0.613082,995,80,326,2001,10500619193282,104084791949661,28655737628196,0,never,8,0,0.290700,3942842298415,251,234,49,0
81,0.273621,9,0.643002,1047,96,372,2001,10576172975626,107665694721305,32036738348069,0,never,8,0,0.273621,3979758308954,247,221,53,2
82,0.286807,12,0.605969,1008,91,352,2001,10498920362291,103868316325078,29062343126021,0,never,12,0,0.286807,3940853250376,266,240,34,1
83,0.292392,10,0.610822,1035,95,344,2001,10562199271156,102546199640569,29655269536181,0,never,11,0,0.292392,3961900292917,249,231,51,1
84,0.289596,11,0.601602,1019,86,354,2001,10482263277050,105862043566895,28555802809571,0,never,14,0,0.289596,3945724823261,253,236,47,2
85,0.280387,10,0.627868,1082,108,384,2001,10589353446195,106161183473983,31306295025065,0,never,8,0,0.280387,4042408009495,253,233,47,1
86,0.273209,9,0.639309,1030,101,362,2001,10572062109727,107381746678219,32099935202621,0,never,8,0,0.273209,4010948831800,249,231,51,0
87,0.236709,9,0.722036,1132,99,396,2001,10912799454564,121805109873059,42023565997449,0,never,8,0,0.236709,4311992975217,232,217,68,1
88,0.285226,10,0.602761,985,85,332,2001,10500073752575,102499795215698,29339294869826,0,never,14,0,0.285226,3946954649589,250,232,50,0
89,0.277098,9,0.638550,1008,85,347,2001,10558932680751,105793142458630,30835853941214,0,never,8,0,0.277098,3932107796559,256,235,44,0
90,0.276592,12,0.610331,1014,87,345,2001,10573311086976,97716547343280,30053334565944,0,never,11,0,0.276592,3912186357001,258,227,42,1
91,0.285258,12,0.608081,1105,96,375,2001,10520812653192,103394294763890,29100953961191,0,never,12,0,0.285258,3969516089388,255,237,45,0
92,0.281888,14,0.631269,992,94,344,2001,10560160564214,109818142565228,30492216442518,0,never,8,0,0.281888,3984669563176,256,237,44,1
93,0.271360,10,0.625415,1081,81,363,2001,10620035964954,112704413563900,32719407708478,0,never,8,0,0.271360,4048291623378,250,227,50,2
94,0.264468,8,0.660674,1144,95,377,2001,10599584611464,106621855852607,32893051260424,0,never,8,0,0.264468,3980569570800,253,234,47,1
95,0.286740,11,0.643450,1067,92,369,2001,10616473262889,121975016792209,32029218328979,0,never,8,0,0.286740,4196961768374,251,226,49,1
96,0.296861,10,0.586657,1040,92,354,2001,10516043420248,106044758595190,27833903353402,0,never,30,0,0.296861,3932791885596,256,231,44,0
97,0.274553,11,0.632830,1003,105,348,2001,10643233559483,118657253235938,31975535879749,0,never,8,0,0.274553,4093485290870,253,228,47,1
98,0.289342,10,0.614164,954,89,328,2001,10503335969132,108894914368871,29582610318780,0,never,9,0,0.289342,3963230076675,259,240,41,0
99,0.283458,10,0.618045,1032,86,346,2001,10565541587061,105349068032042,30078112400846,0,never,8,0,0.283458,3951367147475,262,239,38,1
100,0.269557,9,0.635326,964,80,344,2001,10718927486578,117107449232974,34404022696466,0,never,8,0,0.269557,4203850633684,257,236,43,1
101,0.286493,11,0.604452,1004,98,360,2001,10504444807555,122646547509294,29212429197834,0,never,13,0,0.286493,4031991814332,252,231,48,1
102,0.288375,11,0.621765,1005,85,334,2001,10546992672469,114274327831274,30219576894711,0,never,8,0,0.288375,4003939826785,248,225,52,1
103,0.272326,10,0.659894,1061,81,355,2001,10650383067470,114677392987147,34155378209935,0,never,8,0,0.272326,4121374388087,244,214,56,0
104,0.296785,10,0.635627,1068,95,373,2001,10614500804733,128639474601498,31878320031498,0,never,8,0,0.296785,4139469347298,249,223,51,0
105,0.294195,13,0.631406,1003,91,349,2001,10529395782675,124315454710339,30656885698090,0,never,8,0,0.294195,4150789703543,241,229,59,2
106,0.269019,8,0.631897,1098,92,372,2001,10641363665508,110121846379232,33005728969207,0,never,8,0,0.269019,3989371969568,246,223,54,0
107,0.277274,9,0.645860,1046,89,362,2001,10618323816592,114413382850108,32537673822271,0,never,8,0,0.277274,4073514538679,248,227,52,1
108,0.290801,10,0.606837,1046,80,355,2001,10483590318658,108204030392340,28748391886965,0,never,12,0,0.290801,3919420894215,248,232,52,2
109,0.284819,10,0.620701,1083,98,375,2001,10541104690713,111832801918168,30242311593646,0,never,8,0,0.284819,4070110190789,257,229,43,0
110,0.288984,10,0.621528,1067,63,357,2001,10560165442118,114617239937822,30877225381068,0,never,8,0,0.288984,4025001446687,252,234,48,1
111,0.283402,11,0.616284,1065,82,362,2001,10537354416594,106690960787586,30290017379627,0,never,8,0,0.283402,3978467837562,241,222,59,2
112,0.277210,11,0.622347,1108,87,369,2001,10590181374041,106300622879799,31546582054027,0,never,8,0,0.277210,4006843395510,257,230,43,3
113,0.252241,11,0.654638,1076,95,368,2001,10802217801182,118431242175985,37302717936601,0,never,8,0,0.252241,4246538815453,248,218,52,3
114,0.288528,13,0.623066,1082,87,387,2001,10535638842727,120230156113106,30706185522309,0,never,8,0,0.288528,4007566767840,242,212,58,3
115,0.282288,10,0.617172,1091,84,367,2001,10470330058737,101360450739923,29548948996935,0,never,8,0,0.282288,3915766805386,249,220,51,3
116,0.280278,10,0.628002,1047,81,365,2001,10562753907640,106119735975808,30928627559881,0,never,8,0,0.280278,3963079466080,244,224,56,0
117,0.270513,11,0.648508,1147,87,390,2001,10604074207207,108283156056151,32053135702376,0,never,8,0,0.270513,4018080916034,243,215,57,0
118,0.281003,12,0.618428,1061,95,365,2001,10595412345836,105038323297372,30861247773607,0,never,8,0,0.281003,4052841090612,248,222,52,0
119,0.268091,9,0.642394,1054,83,350,2001,10619690574291,108310804143960,32722663619615,0,never,8,0,0.268091,4030821750445,253,229,47,1
120,0.275189,10,0.625836,1073,79,351,2001,10501193411672,107642100291326,30708240460784,0,never,8,0,0.275189,3943832350983,246,221,54,1
121,0.295515,11,0.609155,1100,82,380,2001,10480916314787,108766160371061,28836441025675,0,never,10,0,0.295515,3943235198635,249,230,51,1
122,0.287322,10,0.602672,1004,90,355,2001,10540464869715,102733884612450,29621113850292,0,never,15,0,0.287322,3925146045159,250,231,50,0
123,0.261310,10,0.647698,1043,80,365,2001,10680164017606,111144306143653,34084623399813,0,never,8,0,0.261310,4077239168024,259,247,41,3
124,0.283644,10,0.644168,1042,82,346,2001,10589042347544,113154585079571,31729634468399,0,never,8,0,0.283644,4145990048739,255,231,45,0
125,0.281441,10,0.625275,1000,87,353,2001,10535826671842,107690212389995,30480252939374,0,never,8,0,0.281441,3953402631763,252,234,48,1
126,0.288576,14,0.625363,1034,103,356,2001,10545018609829,113025337557928,29839195656846,0,never,8,0,0.288576,4037314796118,255,240,45,3
127,0.278207,10,0.609376,1020,93,334,2001,10583845088777,102782260679090,30726219246859,0,never,12,0,0.278207,3980266474072,260,231,40,1
128,0.290859,11,0.588496,1092,74,374,2001,10507996876798,103734664383589,28061199489897,0,never,27,0,0.290859,3958093968373,251,234,49,1
129,0.268203,11,0.637718,1026,96,347,2001,10569152575992,112462437758577,33137370490773,0,never,8,0,0.268203,3969918704620,257,236,43,2
130,0.286601,12,0.620606,1066,79,367,2001,10578696186826,108797065214617,30976101389850,0,never,8,0,0.286601,4036482595954,253,229,47,2
131,0.259645,9,0.684426,993,77,343,2001,10726760709841,128527754406655,36127936714612,0,never,8,0,0.259645,4248361502203,257,232,43,0
132,0.277220,11,0.655902,1165,94,406,2001,10552480395950,119494095509156,33010801967714,0,never,8,0,0.277220,4142768318522,241,224,59,0
133,0.287909,11,0.605787,1060,87,361,2001,10549122652733,110178208409125,29451604814660,0,never,14,0,0.287909,4020122271521,251,232,49,1
134,0.284328,11,0.620125,962,114,334,2001,10546274046830,114798183596871,30487668740550,0,never,8,0,0.284328,3994487812735,251,227,49,2
135,0.271668,10,0.622363,1043,93,368,2001,10598843734273,101421739534242,31044295606119,0,never,8,0,0.271668,3974537258259,254,229,46,0
136,0.292269,14,0.614772,1030,106,366,2001,10524447437101,121696369430787,29492582536494,0,never,8,0,0.292269,4111054281515,259,239,41,2
137,0.278620,9,0.634478,1130,95,376,2001,10633726554124,114206174866754,32080944966989,0,never,8,0,0.278620,4122073507769,246,228,54,1
138,0.276030,9,0.644157,1063,79,359,2001,10578741924076,106457687197620,30799248382885,0,never,8,0,0.276030,3931874241453,255,234,45,1
139,0.285692,13,0.613611,1132,97,383,2001,10543796145598,108212772170912,30145804760723,0,never,8,0,0.285692,4009756699488,249,228,51,0
140,0.280110,9,0.635984,1100,98,372,2001,10523897616860,108834226610830,31490073139353,0,never,8,0,0.280110,4013538745048,245,227,55,3
141,0.287655,12,0.619839,952,73,334,2001,10553270047227,119985537303136,30479360664372,0,never,8,0,0.287655,4113078016709,262,240,38,1
142,0.278303,10,0.630295,1080,87,375,2001,10593686143191,109208125133422,31510741685012,0,never,8,0,0.278303,4041039237214,247,227,53,0
143,0.290929,11,0.602610,970,86,330,2001,10505337230718,100981798348908,29021221890277,0,never,14,0,0.290929,3944786995757,261,240,39,2
144,0.278768,10,0.631560,988,88,334,2001,10527062487281,117409442080410,31221682429077,0,never,8,0,0.278768,4075197729606,256,232,44,1
145,0.280256,9,0.642198,1033,112,378,2001,10503055212682,109539643852865,31457496126809,0,never,8,0,0.280256,3998598299435,249,232,51,1
146,0.286147,10,0.612080,989,95,341,2001,10537764703536,100600033647736,29742365194841,0,never,10,0,0.286147,3986189006967,252,234,48,1
147,0.292156,11,0.608554,1007,73,346,2001,10509343973261,111276021985174,28902109583056,0,never,11,0,0.292156,3986905741739,259,236,41,0
148,0.282033,10,0.637436,1046,84,361,2001,10594751973200,112682602240410,31336025786337,0,never,8,0,0.282033,4029908110005,249,214,51,0
149,0.277145,11,0.634124,1003,83,352,2001,10529096674897,108884645639663,31293707255855,0,never,8,0,0.277145,4000749821358,246,228,54,2
150,0.259898,9,0.663341,1055,96,377,2001,10576916342100,115956412649874,34229876566095,0,never,8,0,0.259898,4009186124183,254,230,46,0
151,0.278398,11,0.636041,999,85,340,2001,10593688039699,112321431491211,32206970203340,0,never,8,0,0.278398,4190183119795,260,239,40,1
152,0.269898,10,0.653908,987,85,352,2001,10593434175855,120798119799112,33089568045941,0,never,8,0,0.269898,4078843060178,248,228,52,1
153,0.283260,10,0.630841,1069,91,365,2001,10548610879855,125168116229478,31110643344534,0,never,8,0,0.283260,4069984322466,257,235,43,1
154,0.284854,12,0.614154,1058,86,366,2001,10494577782356,109167082825188,29538669284884,0,never,8,0,0.284854,3972784388774,251,231,49,0
155,0.274103,10,0.627689,1165,80,391,2001,10629771180877,107454496677248,32127021244692,0,never,8,0,0.274103,4058608734582,236,217,64,1
156,0.285874,11,0.631155,1016,82,348,2001,10543228474176,118908832772781,30463160571383,0,never,8,0,0.285874,4086510584266,256,234,44,0
157,0.277443,10,0.618984,939,79,323,2001,10567452811745,111750641363892,30522137132985,0,never,8,0,0.277443,4046813987394,257,240,43,0
158,0.289306,11,0.608459,1100,98,395,2001,10574283323473,114644709890534,30290433900834,0,never,11,0,0.289306,4120504065479,246,224,54,1
159,0.272450,10,0.631568,993,90,349,2001,10559807322625,102788606282782,30657738310714,0,never,8,0,0.272450,3982029833040,246,231,54,2
160,0.295590,13,0.621322,1109,107,378,2001,10551036694503,113999144514541,30114848107152,0,never,8,0,0.295590,4102140537996,247,227,53,2
161,0.282027,12,0.657602,1027,73,343,2001,10608807984103,130928661212470,33201507405318,0,never,8,0,0.282027,4222628370912,252,228,48,1
162,0.288711,11,0.599245,1046,87,355,2001,10589526470907,107284356501940,30306789505098,0,never,15,0,0.288711,4013085180413,247,221,53,2
163,0.282529,11,0.595039,1023,91,350,2001,10544906523347,103074514263771,29198098890842,0,never,15,0,0.282529,3946931825386,256,223,44,1
164,0.282629,10,0.619314,1074,93,374,2001,10593924853009,104391298878562,30899922256611,0,never,8,0,0.282629,4054464229537,235,215,65,1
165,0.289935,10,0.597847,1030,80,348,2001,10462244496065,99827395788246,28129965470829,0,never,15,0,0.289935,3888256478873,259,233,41,1
166,0.284804,9,0.634584,1066,88,365,2001,10563239799426,107527271366306,30764651864114,0,never,8,0,0.284804,4015633520303,247,226,53,2
167,0.274264,9,0.622967,1082,93,381,2001,10482196886946,102023429594953,30318885287236,0,never,8,0,0.274264,3879318644444,255,237,45,3
168,0.284989,13,0.632577,1026,97,358,2001,10612777279659,118362457257555,31631922361252,0,never,8,0,0.284989,4162809300299,253,227,47,2
169,0.282393,12,0.628750,1058,87,371,2001,10558328395001,109069108572159,30497640214323,0,never,8,0,0.282393,3948689452727,256,234,44,0
170,0.281577,12,0.634721,1032,88,350,2001,10536708221346,122983767883682,30265389622756,0,never,8,0,0.281577,4076633736355,253,231,47,1
171,0.271294,10,0.623107,1047,79,356,2001,10600609816190,115242124995604,31640210655747,0,never,8,0,0.271294,4073578303877,250,222,50,1
172,0.281002,11,0.623368,1096,91,360,2001,10543612229549,114931330407305,30831931847502,0,never,8,0,0.281002,4031662791217,257,228,43,0
173,0.285945,12,0.619324,949,75,324,2001,10548653690975,112578553019612,30193904370751,0,never,8,0,0.285945,3981147059955,238,215,62,0
174,0.297697,12,0.609153,1028,71,342,2001,10566134454836,113816003345751,29706759012258,0,never,11,0,0.297697,4048551109908,255,236,45,0
175,0.282990,11,0.622392,1051,87,362,2001,10533044136784,115491352561036,30503356344277,0,never,8,0,0.282990,4006093624006,254,244,46,3
176,0.272988,11,0.626973,1007,81,343,2001,10577941933358,106344003211999,31195094487417,0,never,8,0,0.272988,3998402073518,265,231,35,1
177,0.279863,9,0.640891,1082,90,376,2001,10684446814779,118697734868607,33689449069032,0,never,8,0,0.279863,4121040166717,252,238,48,2
178,0.287395,9,0.634588,1045,96,361,2001,10572855527920,119987012037032,31772143590994,0,never,8,0,0.287395,4133712377802,244,226,56,3
179,0.291780,12,0.630136,956,87,326,2001,10568970609777,114368697541108,30846106132223,0,never,8,0,0.291780,4229693184223,251,231,49,1
180,0.268615,11,0.625744,1070,91,368,2001,10669801926162,113327586309367,32491926766694,0,never,8,0,0.268615,4048268227184,251,227,49,1
181,0.281368,10,0.632139,1031,86,341,2001,10583667471310,106730751322274,31202615273460,0,never,8,0,0.281368,3991098939627,256,235,44,1
182,0.290622,9,0.628482,1057,93,369,2001,10567522694437,115398559946449,31285476480225,0,never,8,0,0.290622,4069072726606,244,222,56,1
183,0.291001,13,0.621372,994,68,337,2001,10538280656732,117928633584911,30788870032599,0,never,8,0,0.291001,4119873876789,256,228,44,0
184,0.292223,11,0.600951,1095,76,378,2001,10538145372703,104843917880515,28878496872177,0,never,15,0,0.292223,3972161607686,255,236,45,1
185,0.275705,10,0.641515,1086,84,365,2001,10586530514063,110869272689290,31879469567654,0,never,8,0,0.275705,4028507438013,248,217,52,1
186,0.292538,14,0.596625,1003,87,349,2001,10613352337515,111886720302949,29974241493593,0,never,16,0,0.292538,4046236096140,253,231,47,2
187,0.283206,10,0.648304,1088,93,387,2001,10633615731934,114847404068411,32336946461066,0,never,8,0,0.283206,4079182588477,241,222,59,1
188,0.278481,9,0.643153,1029,89,355,2001,10523636115297,113534449659974,31535941684585,0,never,8,0,0.278481,4000690441041,246,228,54,1
189,0.281475,11,0.628395,1055,94,380,2001,10523842349513,105927812866245,30289890114819,0,never,8,0,0.281475,3927097672347,250,231,50,2
190,0.284113,10,0.623290,1102,93,375,2001,10550447564954,108728782282860,30191890379531,0,never,8,0,0.284113,3988785724618,249,226,51,0
191,0.275472,11,0.645002,1055,86,349,2001,10544802920709,106571459199658,31380513350305,0,never,8,0,0.275472,3945796985542,249,221,51,2
192,0.294335,13,0.611478,1057,91,359,2001,10545116955664,114393420511365,29515832416784,0,never,10,0,0.294335,4011715874037,245,223,55,1
193,0.286683,10,0.628892,987,85,330,2001,10575438633452,117275322089663,30852944535444,0,never,8,0,0.286683,4017415206921,264,244,36,1
194,0.275986,8,0.659886,1071,90,360,2001,10646212634486,118289753250294,33682508749186,0,never,8,0,0.275986,4126345799412,243,219,57,2
195,0.286670,11,0.613490,1072,92,347,2001,10493920646511,111235825777421,28788807138043,0,never,8,0,0.286670,3922011383719,262,238,38,0
196,0.285000,10,0.638649,1079,93,378,2001,10530835421507,107422429621925,30739177755117,0,never,8,0,0.285000,3982107157092,249,226,51,1
197,0.275857,12,0.642138,1050,87,378,2001,10504437201059,108740306293697,31779992771692,0,never,8,0,0.275857,3982308248366,251,234,49,1
198,0.259824,11,0.626067,1004,82,351,2001,10710131929959,115940262742516,33294450609469,0,never,8,0,0.259824,4080720226663,248,233,52,0
199,0.283147,10,0.632645,1037,77,350,2001,10536630708549,118628621032645,31079651388574,0,never,8,0,0.283147,4045367193723,254,234,46,0
200,0.278776,11,0.599381,1032,72,345,2001,10572734153726,113989399951750,30166063747135,0,never,15,0,0.278776,4065529619991,265,240,35,1
